Title,Summary,URLName,channels,Question__c,Answer__c
Guide 1: Generator failure after surge,Guide 1: Generator failure after surge,guide-generator-failure-after-surge-1,application,data/q_1.html,data/a_1.html
Guide 2: Generator failure after surge,Guide 2: Generator failure after surge,guide-generator-failure-after-surge-2,application,data/q_2.html,data/a_2.html
Guide 3: Generator failure after surge,Guide 3: Generator failure after surge,guide-generator-failure-after-surge-3,application,data/q_3.html,data/a_3.html
Guide 4: Rotor assembly vibration,Guide 4: Rotor assembly vibration,guide-rotor-assembly-vibration-4,application,data/q_4.html,data/a_4.html
Guide 5: Circuit malfunctioning,Guide 5: Circuit malfunctioning,guide-circuit-malfunctioning-5,application,data/q_5.html,data/a_5.html
Guide 6: Rotor assembly vibration,Guide 6: Rotor assembly vibration,guide-rotor-assembly-vibration-6,application,data/q_6.html,data/a_6.html
Guide 7: Circuit malfunctioning,Guide 7: Circuit malfunctioning,guide-circuit-malfunctioning-7,application,data/q_7.html,data/a_7.html
Guide 8: Generator failure after surge,Guide 8: Generator failure after surge,guide-generator-failure-after-surge-8,application,data/q_8.html,data/a_8.html
Guide 9: Generator failure after surge,Guide 9: Generator failure after surge,guide-generator-failure-after-surge-9,application,data/q_9.html,data/a_9.html
Guide 10: Rotor assembly vibration,Guide 10: Rotor assembly vibration,guide-rotor-assembly-vibration-10,application,data/q_10.html,data/a_10.html
Guide 11: Rotor assembly vibration,Guide 11: Rotor assembly vibration,guide-rotor-assembly-vibration-11,application,data/q_11.html,data/a_11.html
Guide 12: Generator failure after surge,Guide 12: Generator failure after surge,guide-generator-failure-after-surge-12,application,data/q_12.html,data/a_12.html
Guide 13: Rotor assembly vibration,Guide 13: Rotor assembly vibration,guide-rotor-assembly-vibration-13,application,data/q_13.html,data/a_13.html
Guide 14: Circuit malfunctioning,Guide 14: Circuit malfunctioning,guide-circuit-malfunctioning-14,application,data/q_14.html,data/a_14.html
Guide 15: Circuit malfunctioning,Guide 15: Circuit malfunctioning,guide-circuit-malfunctioning-15,application,data/q_15.html,data/a_15.html
Guide 16: Rotor assembly vibration,Guide 16: Rotor assembly vibration,guide-rotor-assembly-vibration-16,application,data/q_16.html,data/a_16.html
Guide 17: Generator failure after surge,Guide 17: Generator failure after surge,guide-generator-failure-after-surge-17,application,data/q_17.html,data/a_17.html
Guide 18: Generator failure after surge,Guide 18: Generator failure after surge,guide-generator-failure-after-surge-18,application,data/q_18.html,data/a_18.html
Guide 19: Circuit malfunctioning,Guide 19: Circuit malfunctioning,guide-circuit-malfunctioning-19,application,data/q_19.html,data/a_19.html
Guide 20: Rotor assembly vibration,Guide 20: Rotor assembly vibration,guide-rotor-assembly-vibration-20,application,data/q_20.html,data/a_20.html
Guide 21: Generator failure after surge,Guide 21: Generator failure after surge,guide-generator-failure-after-surge-21,application,data/q_21.html,data/a_21.html
Guide 22: Circuit malfunctioning,Guide 22: Circuit malfunctioning,guide-circuit-malfunctioning-22,application,data/q_22.html,data/a_22.html
Guide 23: Generator failure after surge,Guide 23: Generator failure after surge,guide-generator-failure-after-surge-23,application,data/q_23.html,data/a_23.html
Guide 24: Circuit malfunctioning,Guide 24: Circuit malfunctioning,guide-circuit-malfunctioning-24,application,data/q_24.html,data/a_24.html
Guide 25: Rotor assembly vibration,Guide 25: Rotor assembly vibration,guide-rotor-assembly-vibration-25,application,data/q_25.html,data/a_25.html
Guide 26: Generator failure after surge,Guide 26: Generator failure after surge,guide-generator-failure-after-surge-26,application,data/q_26.html,data/a_26.html
Guide 27: Circuit malfunctioning,Guide 27: Circuit malfunctioning,guide-circuit-malfunctioning-27,application,data/q_27.html,data/a_27.html
Guide 28: Generator failure after surge,Guide 28: Generator failure after surge,guide-generator-failure-after-surge-28,application,data/q_28.html,data/a_28.html
Guide 29: Circuit malfunctioning,Guide 29: Circuit malfunctioning,guide-circuit-malfunctioning-29,application,data/q_29.html,data/a_29.html
Guide 30: Circuit malfunctioning,Guide 30: Circuit malfunctioning,guide-circuit-malfunctioning-30,application,data/q_30.html,data/a_30.html
Guide 31: Circuit malfunctioning,Guide 31: Circuit malfunctioning,guide-circuit-malfunctioning-31,application,data/q_31.html,data/a_31.html
Guide 32: Circuit malfunctioning,Guide 32: Circuit malfunctioning,guide-circuit-malfunctioning-32,application,data/q_32.html,data/a_32.html
Guide 33: Circuit malfunctioning,Guide 33: Circuit malfunctioning,guide-circuit-malfunctioning-33,application,data/q_33.html,data/a_33.html
Guide 34: Generator failure after surge,Guide 34: Generator failure after surge,guide-generator-failure-after-surge-34,application,data/q_34.html,data/a_34.html
Guide 35: Rotor assembly vibration,Guide 35: Rotor assembly vibration,guide-rotor-assembly-vibration-35,application,data/q_35.html,data/a_35.html
Guide 36: Generator failure after surge,Guide 36: Generator failure after surge,guide-generator-failure-after-surge-36,application,data/q_36.html,data/a_36.html
Guide 37: Rotor assembly vibration,Guide 37: Rotor assembly vibration,guide-rotor-assembly-vibration-37,application,data/q_37.html,data/a_37.html
Guide 38: Circuit malfunctioning,Guide 38: Circuit malfunctioning,guide-circuit-malfunctioning-38,application,data/q_38.html,data/a_38.html
Guide 39: Circuit malfunctioning,Guide 39: Circuit malfunctioning,guide-circuit-malfunctioning-39,application,data/q_39.html,data/a_39.html
Guide 40: Generator failure after surge,Guide 40: Generator failure after surge,guide-generator-failure-after-surge-40,application,data/q_40.html,data/a_40.html
Guide 41: Generator failure after surge,Guide 41: Generator failure after surge,guide-generator-failure-after-surge-41,application,data/q_41.html,data/a_41.html
Guide 42: Generator failure after surge,Guide 42: Generator failure after surge,guide-generator-failure-after-surge-42,application,data/q_42.html,data/a_42.html
Guide 43: Rotor assembly vibration,Guide 43: Rotor assembly vibration,guide-rotor-assembly-vibration-43,application,data/q_43.html,data/a_43.html
Guide 44: Circuit malfunctioning,Guide 44: Circuit malfunctioning,guide-circuit-malfunctioning-44,application,data/q_44.html,data/a_44.html
Guide 45: Circuit malfunctioning,Guide 45: Circuit malfunctioning,guide-circuit-malfunctioning-45,application,data/q_45.html,data/a_45.html
Guide 46: Circuit malfunctioning,Guide 46: Circuit malfunctioning,guide-circuit-malfunctioning-46,application,data/q_46.html,data/a_46.html
Guide 47: Rotor assembly vibration,Guide 47: Rotor assembly vibration,guide-rotor-assembly-vibration-47,application,data/q_47.html,data/a_47.html
Guide 48: Circuit malfunctioning,Guide 48: Circuit malfunctioning,guide-circuit-malfunctioning-48,application,data/q_48.html,data/a_48.html
Guide 49: Circuit malfunctioning,Guide 49: Circuit malfunctioning,guide-circuit-malfunctioning-49,application,data/q_49.html,data/a_49.html
Guide 50: Rotor assembly vibration,Guide 50: Rotor assembly vibration,guide-rotor-assembly-vibration-50,application,data/q_50.html,data/a_50.html
Guide 51: Generator failure after surge,Guide 51: Generator failure after surge,guide-generator-failure-after-surge-51,application,data/q_51.html,data/a_51.html
Guide 52: Generator failure after surge,Guide 52: Generator failure after surge,guide-generator-failure-after-surge-52,application,data/q_52.html,data/a_52.html
Guide 53: Rotor assembly vibration,Guide 53: Rotor assembly vibration,guide-rotor-assembly-vibration-53,application,data/q_53.html,data/a_53.html
Guide 54: Circuit malfunctioning,Guide 54: Circuit malfunctioning,guide-circuit-malfunctioning-54,application,data/q_54.html,data/a_54.html
Guide 55: Generator failure after surge,Guide 55: Generator failure after surge,guide-generator-failure-after-surge-55,application,data/q_55.html,data/a_55.html
Guide 56: Generator failure after surge,Guide 56: Generator failure after surge,guide-generator-failure-after-surge-56,application,data/q_56.html,data/a_56.html
Guide 57: Generator failure after surge,Guide 57: Generator failure after surge,guide-generator-failure-after-surge-57,application,data/q_57.html,data/a_57.html
Guide 58: Rotor assembly vibration,Guide 58: Rotor assembly vibration,guide-rotor-assembly-vibration-58,application,data/q_58.html,data/a_58.html
Guide 59: Circuit malfunctioning,Guide 59: Circuit malfunctioning,guide-circuit-malfunctioning-59,application,data/q_59.html,data/a_59.html
Guide 60: Rotor assembly vibration,Guide 60: Rotor assembly vibration,guide-rotor-assembly-vibration-60,application,data/q_60.html,data/a_60.html
Guide 61: Generator failure after surge,Guide 61: Generator failure after surge,guide-generator-failure-after-surge-61,application,data/q_61.html,data/a_61.html
Guide 62: Generator failure after surge,Guide 62: Generator failure after surge,guide-generator-failure-after-surge-62,application,data/q_62.html,data/a_62.html
Guide 63: Circuit malfunctioning,Guide 63: Circuit malfunctioning,guide-circuit-malfunctioning-63,application,data/q_63.html,data/a_63.html
Guide 64: Rotor assembly vibration,Guide 64: Rotor assembly vibration,guide-rotor-assembly-vibration-64,application,data/q_64.html,data/a_64.html
Guide 65: Rotor assembly vibration,Guide 65: Rotor assembly vibration,guide-rotor-assembly-vibration-65,application,data/q_65.html,data/a_65.html
Guide 66: Rotor assembly vibration,Guide 66: Rotor assembly vibration,guide-rotor-assembly-vibration-66,application,data/q_66.html,data/a_66.html
Guide 67: Rotor assembly vibration,Guide 67: Rotor assembly vibration,guide-rotor-assembly-vibration-67,application,data/q_67.html,data/a_67.html
Guide 68: Rotor assembly vibration,Guide 68: Rotor assembly vibration,guide-rotor-assembly-vibration-68,application,data/q_68.html,data/a_68.html
Guide 69: Generator failure after surge,Guide 69: Generator failure after surge,guide-generator-failure-after-surge-69,application,data/q_69.html,data/a_69.html
Guide 70: Generator failure after surge,Guide 70: Generator failure after surge,guide-generator-failure-after-surge-70,application,data/q_70.html,data/a_70.html
Guide 71: Rotor assembly vibration,Guide 71: Rotor assembly vibration,guide-rotor-assembly-vibration-71,application,data/q_71.html,data/a_71.html
Guide 72: Generator failure after surge,Guide 72: Generator failure after surge,guide-generator-failure-after-surge-72,application,data/q_72.html,data/a_72.html
Guide 73: Generator failure after surge,Guide 73: Generator failure after surge,guide-generator-failure-after-surge-73,application,data/q_73.html,data/a_73.html
Guide 74: Circuit malfunctioning,Guide 74: Circuit malfunctioning,guide-circuit-malfunctioning-74,application,data/q_74.html,data/a_74.html
Guide 75: Circuit malfunctioning,Guide 75: Circuit malfunctioning,guide-circuit-malfunctioning-75,application,data/q_75.html,data/a_75.html
Guide 76: Circuit malfunctioning,Guide 76: Circuit malfunctioning,guide-circuit-malfunctioning-76,application,data/q_76.html,data/a_76.html
Guide 77: Circuit malfunctioning,Guide 77: Circuit malfunctioning,guide-circuit-malfunctioning-77,application,data/q_77.html,data/a_77.html
Guide 78: Generator failure after surge,Guide 78: Generator failure after surge,guide-generator-failure-after-surge-78,application,data/q_78.html,data/a_78.html
Guide 79: Circuit malfunctioning,Guide 79: Circuit malfunctioning,guide-circuit-malfunctioning-79,application,data/q_79.html,data/a_79.html
Guide 80: Circuit malfunctioning,Guide 80: Circuit malfunctioning,guide-circuit-malfunctioning-80,application,data/q_80.html,data/a_80.html
Guide 81: Generator failure after surge,Guide 81: Generator failure after surge,guide-generator-failure-after-surge-81,application,data/q_81.html,data/a_81.html
Guide 82: Rotor assembly vibration,Guide 82: Rotor assembly vibration,guide-rotor-assembly-vibration-82,application,data/q_82.html,data/a_82.html
Guide 83: Rotor assembly vibration,Guide 83: Rotor assembly vibration,guide-rotor-assembly-vibration-83,application,data/q_83.html,data/a_83.html
Guide 84: Circuit malfunctioning,Guide 84: Circuit malfunctioning,guide-circuit-malfunctioning-84,application,data/q_84.html,data/a_84.html
Guide 85: Rotor assembly vibration,Guide 85: Rotor assembly vibration,guide-rotor-assembly-vibration-85,application,data/q_85.html,data/a_85.html
Guide 86: Rotor assembly vibration,Guide 86: Rotor assembly vibration,guide-rotor-assembly-vibration-86,application,data/q_86.html,data/a_86.html
Guide 87: Generator failure after surge,Guide 87: Generator failure after surge,guide-generator-failure-after-surge-87,application,data/q_87.html,data/a_87.html
Guide 88: Rotor assembly vibration,Guide 88: Rotor assembly vibration,guide-rotor-assembly-vibration-88,application,data/q_88.html,data/a_88.html
Guide 89: Circuit malfunctioning,Guide 89: Circuit malfunctioning,guide-circuit-malfunctioning-89,application,data/q_89.html,data/a_89.html
Guide 90: Circuit malfunctioning,Guide 90: Circuit malfunctioning,guide-circuit-malfunctioning-90,application,data/q_90.html,data/a_90.html
Guide 91: Rotor assembly vibration,Guide 91: Rotor assembly vibration,guide-rotor-assembly-vibration-91,application,data/q_91.html,data/a_91.html
Guide 92: Rotor assembly vibration,Guide 92: Rotor assembly vibration,guide-rotor-assembly-vibration-92,application,data/q_92.html,data/a_92.html
Guide 93: Generator failure after surge,Guide 93: Generator failure after surge,guide-generator-failure-after-surge-93,application,data/q_93.html,data/a_93.html
Guide 94: Circuit malfunctioning,Guide 94: Circuit malfunctioning,guide-circuit-malfunctioning-94,application,data/q_94.html,data/a_94.html
Guide 95: Rotor assembly vibration,Guide 95: Rotor assembly vibration,guide-rotor-assembly-vibration-95,application,data/q_95.html,data/a_95.html
Guide 96: Circuit malfunctioning,Guide 96: Circuit malfunctioning,guide-circuit-malfunctioning-96,application,data/q_96.html,data/a_96.html
Guide 97: Rotor assembly vibration,Guide 97: Rotor assembly vibration,guide-rotor-assembly-vibration-97,application,data/q_97.html,data/a_97.html
Guide 98: Circuit malfunctioning,Guide 98: Circuit malfunctioning,guide-circuit-malfunctioning-98,application,data/q_98.html,data/a_98.html
Guide 99: Generator failure after surge,Guide 99: Generator failure after surge,guide-generator-failure-after-surge-99,application,data/q_99.html,data/a_99.html
Guide 100: Rotor assembly vibration,Guide 100: Rotor assembly vibration,guide-rotor-assembly-vibration-100,application,data/q_100.html,data/a_100.html
Guide 101: Circuit malfunctioning,Guide 101: Circuit malfunctioning,guide-circuit-malfunctioning-101,application,data/q_101.html,data/a_101.html
Guide 102: Circuit malfunctioning,Guide 102: Circuit malfunctioning,guide-circuit-malfunctioning-102,application,data/q_102.html,data/a_102.html
Guide 103: Rotor assembly vibration,Guide 103: Rotor assembly vibration,guide-rotor-assembly-vibration-103,application,data/q_103.html,data/a_103.html
Guide 104: Generator failure after surge,Guide 104: Generator failure after surge,guide-generator-failure-after-surge-104,application,data/q_104.html,data/a_104.html
Guide 105: Rotor assembly vibration,Guide 105: Rotor assembly vibration,guide-rotor-assembly-vibration-105,application,data/q_105.html,data/a_105.html
Guide 106: Rotor assembly vibration,Guide 106: Rotor assembly vibration,guide-rotor-assembly-vibration-106,application,data/q_106.html,data/a_106.html
Guide 107: Rotor assembly vibration,Guide 107: Rotor assembly vibration,guide-rotor-assembly-vibration-107,application,data/q_107.html,data/a_107.html
Guide 108: Rotor assembly vibration,Guide 108: Rotor assembly vibration,guide-rotor-assembly-vibration-108,application,data/q_108.html,data/a_108.html
Guide 109: Generator failure after surge,Guide 109: Generator failure after surge,guide-generator-failure-after-surge-109,application,data/q_109.html,data/a_109.html
Guide 110: Rotor assembly vibration,Guide 110: Rotor assembly vibration,guide-rotor-assembly-vibration-110,application,data/q_110.html,data/a_110.html
Guide 111: Generator failure after surge,Guide 111: Generator failure after surge,guide-generator-failure-after-surge-111,application,data/q_111.html,data/a_111.html
Guide 112: Circuit malfunctioning,Guide 112: Circuit malfunctioning,guide-circuit-malfunctioning-112,application,data/q_112.html,data/a_112.html
Guide 113: Circuit malfunctioning,Guide 113: Circuit malfunctioning,guide-circuit-malfunctioning-113,application,data/q_113.html,data/a_113.html
Guide 114: Rotor assembly vibration,Guide 114: Rotor assembly vibration,guide-rotor-assembly-vibration-114,application,data/q_114.html,data/a_114.html
Guide 115: Circuit malfunctioning,Guide 115: Circuit malfunctioning,guide-circuit-malfunctioning-115,application,data/q_115.html,data/a_115.html
Guide 116: Generator failure after surge,Guide 116: Generator failure after surge,guide-generator-failure-after-surge-116,application,data/q_116.html,data/a_116.html
Guide 117: Rotor assembly vibration,Guide 117: Rotor assembly vibration,guide-rotor-assembly-vibration-117,application,data/q_117.html,data/a_117.html
Guide 118: Rotor assembly vibration,Guide 118: Rotor assembly vibration,guide-rotor-assembly-vibration-118,application,data/q_118.html,data/a_118.html
Guide 119: Rotor assembly vibration,Guide 119: Rotor assembly vibration,guide-rotor-assembly-vibration-119,application,data/q_119.html,data/a_119.html
Guide 120: Generator failure after surge,Guide 120: Generator failure after surge,guide-generator-failure-after-surge-120,application,data/q_120.html,data/a_120.html
Guide 121: Circuit malfunctioning,Guide 121: Circuit malfunctioning,guide-circuit-malfunctioning-121,application,data/q_121.html,data/a_121.html
Guide 122: Circuit malfunctioning,Guide 122: Circuit malfunctioning,guide-circuit-malfunctioning-122,application,data/q_122.html,data/a_122.html
Guide 123: Rotor assembly vibration,Guide 123: Rotor assembly vibration,guide-rotor-assembly-vibration-123,application,data/q_123.html,data/a_123.html
Guide 124: Rotor assembly vibration,Guide 124: Rotor assembly vibration,guide-rotor-assembly-vibration-124,application,data/q_124.html,data/a_124.html
Guide 125: Generator failure after surge,Guide 125: Generator failure after surge,guide-generator-failure-after-surge-125,application,data/q_125.html,data/a_125.html
Guide 126: Rotor assembly vibration,Guide 126: Rotor assembly vibration,guide-rotor-assembly-vibration-126,application,data/q_126.html,data/a_126.html
Guide 127: Generator failure after surge,Guide 127: Generator failure after surge,guide-generator-failure-after-surge-127,application,data/q_127.html,data/a_127.html
Guide 128: Rotor assembly vibration,Guide 128: Rotor assembly vibration,guide-rotor-assembly-vibration-128,application,data/q_128.html,data/a_128.html
Guide 129: Circuit malfunctioning,Guide 129: Circuit malfunctioning,guide-circuit-malfunctioning-129,application,data/q_129.html,data/a_129.html
Guide 130: Circuit malfunctioning,Guide 130: Circuit malfunctioning,guide-circuit-malfunctioning-130,application,data/q_130.html,data/a_130.html
Guide 131: Rotor assembly vibration,Guide 131: Rotor assembly vibration,guide-rotor-assembly-vibration-131,application,data/q_131.html,data/a_131.html
Guide 132: Rotor assembly vibration,Guide 132: Rotor assembly vibration,guide-rotor-assembly-vibration-132,application,data/q_132.html,data/a_132.html
Guide 133: Generator failure after surge,Guide 133: Generator failure after surge,guide-generator-failure-after-surge-133,application,data/q_133.html,data/a_133.html
Guide 134: Circuit malfunctioning,Guide 134: Circuit malfunctioning,guide-circuit-malfunctioning-134,application,data/q_134.html,data/a_134.html
Guide 135: Generator failure after surge,Guide 135: Generator failure after surge,guide-generator-failure-after-surge-135,application,data/q_135.html,data/a_135.html
Guide 136: Generator failure after surge,Guide 136: Generator failure after surge,guide-generator-failure-after-surge-136,application,data/q_136.html,data/a_136.html
Guide 137: Circuit malfunctioning,Guide 137: Circuit malfunctioning,guide-circuit-malfunctioning-137,application,data/q_137.html,data/a_137.html
Guide 138: Rotor assembly vibration,Guide 138: Rotor assembly vibration,guide-rotor-assembly-vibration-138,application,data/q_138.html,data/a_138.html
Guide 139: Circuit malfunctioning,Guide 139: Circuit malfunctioning,guide-circuit-malfunctioning-139,application,data/q_139.html,data/a_139.html
Guide 140: Generator failure after surge,Guide 140: Generator failure after surge,guide-generator-failure-after-surge-140,application,data/q_140.html,data/a_140.html
Guide 141: Circuit malfunctioning,Guide 141: Circuit malfunctioning,guide-circuit-malfunctioning-141,application,data/q_141.html,data/a_141.html
Guide 142: Generator failure after surge,Guide 142: Generator failure after surge,guide-generator-failure-after-surge-142,application,data/q_142.html,data/a_142.html
Guide 143: Rotor assembly vibration,Guide 143: Rotor assembly vibration,guide-rotor-assembly-vibration-143,application,data/q_143.html,data/a_143.html
Guide 144: Rotor assembly vibration,Guide 144: Rotor assembly vibration,guide-rotor-assembly-vibration-144,application,data/q_144.html,data/a_144.html
Guide 145: Rotor assembly vibration,Guide 145: Rotor assembly vibration,guide-rotor-assembly-vibration-145,application,data/q_145.html,data/a_145.html
Guide 146: Rotor assembly vibration,Guide 146: Rotor assembly vibration,guide-rotor-assembly-vibration-146,application,data/q_146.html,data/a_146.html
Guide 147: Circuit malfunctioning,Guide 147: Circuit malfunctioning,guide-circuit-malfunctioning-147,application,data/q_147.html,data/a_147.html
Guide 148: Generator failure after surge,Guide 148: Generator failure after surge,guide-generator-failure-after-surge-148,application,data/q_148.html,data/a_148.html
Guide 149: Generator failure after surge,Guide 149: Generator failure after surge,guide-generator-failure-after-surge-149,application,data/q_149.html,data/a_149.html
Guide 150: Circuit malfunctioning,Guide 150: Circuit malfunctioning,guide-circuit-malfunctioning-150,application,data/q_150.html,data/a_150.html
Guide 151: Circuit malfunctioning,Guide 151: Circuit malfunctioning,guide-circuit-malfunctioning-151,application,data/q_151.html,data/a_151.html
Guide 152: Rotor assembly vibration,Guide 152: Rotor assembly vibration,guide-rotor-assembly-vibration-152,application,data/q_152.html,data/a_152.html
Guide 153: Generator failure after surge,Guide 153: Generator failure after surge,guide-generator-failure-after-surge-153,application,data/q_153.html,data/a_153.html
Guide 154: Generator failure after surge,Guide 154: Generator failure after surge,guide-generator-failure-after-surge-154,application,data/q_154.html,data/a_154.html
Guide 155: Rotor assembly vibration,Guide 155: Rotor assembly vibration,guide-rotor-assembly-vibration-155,application,data/q_155.html,data/a_155.html
Guide 156: Generator failure after surge,Guide 156: Generator failure after surge,guide-generator-failure-after-surge-156,application,data/q_156.html,data/a_156.html
Guide 157: Circuit malfunctioning,Guide 157: Circuit malfunctioning,guide-circuit-malfunctioning-157,application,data/q_157.html,data/a_157.html
Guide 158: Circuit malfunctioning,Guide 158: Circuit malfunctioning,guide-circuit-malfunctioning-158,application,data/q_158.html,data/a_158.html
Guide 159: Circuit malfunctioning,Guide 159: Circuit malfunctioning,guide-circuit-malfunctioning-159,application,data/q_159.html,data/a_159.html
Guide 160: Circuit malfunctioning,Guide 160: Circuit malfunctioning,guide-circuit-malfunctioning-160,application,data/q_160.html,data/a_160.html
Guide 161: Generator failure after surge,Guide 161: Generator failure after surge,guide-generator-failure-after-surge-161,application,data/q_161.html,data/a_161.html
Guide 162: Generator failure after surge,Guide 162: Generator failure after surge,guide-generator-failure-after-surge-162,application,data/q_162.html,data/a_162.html
Guide 163: Circuit malfunctioning,Guide 163: Circuit malfunctioning,guide-circuit-malfunctioning-163,application,data/q_163.html,data/a_163.html
Guide 164: Generator failure after surge,Guide 164: Generator failure after surge,guide-generator-failure-after-surge-164,application,data/q_164.html,data/a_164.html
Guide 165: Rotor assembly vibration,Guide 165: Rotor assembly vibration,guide-rotor-assembly-vibration-165,application,data/q_165.html,data/a_165.html
Guide 166: Rotor assembly vibration,Guide 166: Rotor assembly vibration,guide-rotor-assembly-vibration-166,application,data/q_166.html,data/a_166.html
Guide 167: Rotor assembly vibration,Guide 167: Rotor assembly vibration,guide-rotor-assembly-vibration-167,application,data/q_167.html,data/a_167.html
Guide 168: Rotor assembly vibration,Guide 168: Rotor assembly vibration,guide-rotor-assembly-vibration-168,application,data/q_168.html,data/a_168.html
Guide 169: Circuit malfunctioning,Guide 169: Circuit malfunctioning,guide-circuit-malfunctioning-169,application,data/q_169.html,data/a_169.html
Guide 170: Circuit malfunctioning,Guide 170: Circuit malfunctioning,guide-circuit-malfunctioning-170,application,data/q_170.html,data/a_170.html
Guide 171: Rotor assembly vibration,Guide 171: Rotor assembly vibration,guide-rotor-assembly-vibration-171,application,data/q_171.html,data/a_171.html
Guide 172: Rotor assembly vibration,Guide 172: Rotor assembly vibration,guide-rotor-assembly-vibration-172,application,data/q_172.html,data/a_172.html
Guide 173: Generator failure after surge,Guide 173: Generator failure after surge,guide-generator-failure-after-surge-173,application,data/q_173.html,data/a_173.html
Guide 174: Generator failure after surge,Guide 174: Generator failure after surge,guide-generator-failure-after-surge-174,application,data/q_174.html,data/a_174.html
Guide 175: Generator failure after surge,Guide 175: Generator failure after surge,guide-generator-failure-after-surge-175,application,data/q_175.html,data/a_175.html
Guide 176: Circuit malfunctioning,Guide 176: Circuit malfunctioning,guide-circuit-malfunctioning-176,application,data/q_176.html,data/a_176.html
Guide 177: Rotor assembly vibration,Guide 177: Rotor assembly vibration,guide-rotor-assembly-vibration-177,application,data/q_177.html,data/a_177.html
Guide 178: Rotor assembly vibration,Guide 178: Rotor assembly vibration,guide-rotor-assembly-vibration-178,application,data/q_178.html,data/a_178.html
Guide 179: Rotor assembly vibration,Guide 179: Rotor assembly vibration,guide-rotor-assembly-vibration-179,application,data/q_179.html,data/a_179.html
Guide 180: Rotor assembly vibration,Guide 180: Rotor assembly vibration,guide-rotor-assembly-vibration-180,application,data/q_180.html,data/a_180.html
Guide 181: Circuit malfunctioning,Guide 181: Circuit malfunctioning,guide-circuit-malfunctioning-181,application,data/q_181.html,data/a_181.html
Guide 182: Circuit malfunctioning,Guide 182: Circuit malfunctioning,guide-circuit-malfunctioning-182,application,data/q_182.html,data/a_182.html
Guide 183: Rotor assembly vibration,Guide 183: Rotor assembly vibration,guide-rotor-assembly-vibration-183,application,data/q_183.html,data/a_183.html
Guide 184: Generator failure after surge,Guide 184: Generator failure after surge,guide-generator-failure-after-surge-184,application,data/q_184.html,data/a_184.html
Guide 185: Circuit malfunctioning,Guide 185: Circuit malfunctioning,guide-circuit-malfunctioning-185,application,data/q_185.html,data/a_185.html
Guide 186: Circuit malfunctioning,Guide 186: Circuit malfunctioning,guide-circuit-malfunctioning-186,application,data/q_186.html,data/a_186.html
Guide 187: Rotor assembly vibration,Guide 187: Rotor assembly vibration,guide-rotor-assembly-vibration-187,application,data/q_187.html,data/a_187.html
Guide 188: Rotor assembly vibration,Guide 188: Rotor assembly vibration,guide-rotor-assembly-vibration-188,application,data/q_188.html,data/a_188.html
Guide 189: Rotor assembly vibration,Guide 189: Rotor assembly vibration,guide-rotor-assembly-vibration-189,application,data/q_189.html,data/a_189.html
Guide 190: Rotor assembly vibration,Guide 190: Rotor assembly vibration,guide-rotor-assembly-vibration-190,application,data/q_190.html,data/a_190.html
Guide 191: Circuit malfunctioning,Guide 191: Circuit malfunctioning,guide-circuit-malfunctioning-191,application,data/q_191.html,data/a_191.html
Guide 192: Rotor assembly vibration,Guide 192: Rotor assembly vibration,guide-rotor-assembly-vibration-192,application,data/q_192.html,data/a_192.html
Guide 193: Rotor assembly vibration,Guide 193: Rotor assembly vibration,guide-rotor-assembly-vibration-193,application,data/q_193.html,data/a_193.html
Guide 194: Rotor assembly vibration,Guide 194: Rotor assembly vibration,guide-rotor-assembly-vibration-194,application,data/q_194.html,data/a_194.html
Guide 195: Circuit malfunctioning,Guide 195: Circuit malfunctioning,guide-circuit-malfunctioning-195,application,data/q_195.html,data/a_195.html
Guide 196: Circuit malfunctioning,Guide 196: Circuit malfunctioning,guide-circuit-malfunctioning-196,application,data/q_196.html,data/a_196.html
Guide 197: Rotor assembly vibration,Guide 197: Rotor assembly vibration,guide-rotor-assembly-vibration-197,application,data/q_197.html,data/a_197.html
Guide 198: Circuit malfunctioning,Guide 198: Circuit malfunctioning,guide-circuit-malfunctioning-198,application,data/q_198.html,data/a_198.html
Guide 199: Rotor assembly vibration,Guide 199: Rotor assembly vibration,guide-rotor-assembly-vibration-199,application,data/q_199.html,data/a_199.html
Guide 200: Generator failure after surge,Guide 200: Generator failure after surge,guide-generator-failure-after-surge-200,application,data/q_200.html,data/a_200.html
Guide 201: Generator failure after surge,Guide 201: Generator failure after surge,guide-generator-failure-after-surge-201,application,data/q_201.html,data/a_201.html
Guide 202: Generator failure after surge,Guide 202: Generator failure after surge,guide-generator-failure-after-surge-202,application,data/q_202.html,data/a_202.html
Guide 203: Generator failure after surge,Guide 203: Generator failure after surge,guide-generator-failure-after-surge-203,application,data/q_203.html,data/a_203.html
Guide 204: Generator failure after surge,Guide 204: Generator failure after surge,guide-generator-failure-after-surge-204,application,data/q_204.html,data/a_204.html
Guide 205: Circuit malfunctioning,Guide 205: Circuit malfunctioning,guide-circuit-malfunctioning-205,application,data/q_205.html,data/a_205.html
Guide 206: Rotor assembly vibration,Guide 206: Rotor assembly vibration,guide-rotor-assembly-vibration-206,application,data/q_206.html,data/a_206.html
Guide 207: Circuit malfunctioning,Guide 207: Circuit malfunctioning,guide-circuit-malfunctioning-207,application,data/q_207.html,data/a_207.html
Guide 208: Rotor assembly vibration,Guide 208: Rotor assembly vibration,guide-rotor-assembly-vibration-208,application,data/q_208.html,data/a_208.html
Guide 209: Rotor assembly vibration,Guide 209: Rotor assembly vibration,guide-rotor-assembly-vibration-209,application,data/q_209.html,data/a_209.html
Guide 210: Circuit malfunctioning,Guide 210: Circuit malfunctioning,guide-circuit-malfunctioning-210,application,data/q_210.html,data/a_210.html
Guide 211: Generator failure after surge,Guide 211: Generator failure after surge,guide-generator-failure-after-surge-211,application,data/q_211.html,data/a_211.html
Guide 212: Rotor assembly vibration,Guide 212: Rotor assembly vibration,guide-rotor-assembly-vibration-212,application,data/q_212.html,data/a_212.html
Guide 213: Generator failure after surge,Guide 213: Generator failure after surge,guide-generator-failure-after-surge-213,application,data/q_213.html,data/a_213.html
Guide 214: Rotor assembly vibration,Guide 214: Rotor assembly vibration,guide-rotor-assembly-vibration-214,application,data/q_214.html,data/a_214.html
Guide 215: Generator failure after surge,Guide 215: Generator failure after surge,guide-generator-failure-after-surge-215,application,data/q_215.html,data/a_215.html
Guide 216: Generator failure after surge,Guide 216: Generator failure after surge,guide-generator-failure-after-surge-216,application,data/q_216.html,data/a_216.html
Guide 217: Generator failure after surge,Guide 217: Generator failure after surge,guide-generator-failure-after-surge-217,application,data/q_217.html,data/a_217.html
Guide 218: Rotor assembly vibration,Guide 218: Rotor assembly vibration,guide-rotor-assembly-vibration-218,application,data/q_218.html,data/a_218.html
Guide 219: Circuit malfunctioning,Guide 219: Circuit malfunctioning,guide-circuit-malfunctioning-219,application,data/q_219.html,data/a_219.html
Guide 220: Generator failure after surge,Guide 220: Generator failure after surge,guide-generator-failure-after-surge-220,application,data/q_220.html,data/a_220.html
Guide 221: Rotor assembly vibration,Guide 221: Rotor assembly vibration,guide-rotor-assembly-vibration-221,application,data/q_221.html,data/a_221.html
Guide 222: Rotor assembly vibration,Guide 222: Rotor assembly vibration,guide-rotor-assembly-vibration-222,application,data/q_222.html,data/a_222.html
Guide 223: Generator failure after surge,Guide 223: Generator failure after surge,guide-generator-failure-after-surge-223,application,data/q_223.html,data/a_223.html
Guide 224: Rotor assembly vibration,Guide 224: Rotor assembly vibration,guide-rotor-assembly-vibration-224,application,data/q_224.html,data/a_224.html
Guide 225: Generator failure after surge,Guide 225: Generator failure after surge,guide-generator-failure-after-surge-225,application,data/q_225.html,data/a_225.html
Guide 226: Circuit malfunctioning,Guide 226: Circuit malfunctioning,guide-circuit-malfunctioning-226,application,data/q_226.html,data/a_226.html
Guide 227: Rotor assembly vibration,Guide 227: Rotor assembly vibration,guide-rotor-assembly-vibration-227,application,data/q_227.html,data/a_227.html
Guide 228: Circuit malfunctioning,Guide 228: Circuit malfunctioning,guide-circuit-malfunctioning-228,application,data/q_228.html,data/a_228.html
Guide 229: Circuit malfunctioning,Guide 229: Circuit malfunctioning,guide-circuit-malfunctioning-229,application,data/q_229.html,data/a_229.html
Guide 230: Generator failure after surge,Guide 230: Generator failure after surge,guide-generator-failure-after-surge-230,application,data/q_230.html,data/a_230.html
Guide 231: Rotor assembly vibration,Guide 231: Rotor assembly vibration,guide-rotor-assembly-vibration-231,application,data/q_231.html,data/a_231.html
Guide 232: Generator failure after surge,Guide 232: Generator failure after surge,guide-generator-failure-after-surge-232,application,data/q_232.html,data/a_232.html
Guide 233: Generator failure after surge,Guide 233: Generator failure after surge,guide-generator-failure-after-surge-233,application,data/q_233.html,data/a_233.html
Guide 234: Generator failure after surge,Guide 234: Generator failure after surge,guide-generator-failure-after-surge-234,application,data/q_234.html,data/a_234.html
Guide 235: Circuit malfunctioning,Guide 235: Circuit malfunctioning,guide-circuit-malfunctioning-235,application,data/q_235.html,data/a_235.html
Guide 236: Generator failure after surge,Guide 236: Generator failure after surge,guide-generator-failure-after-surge-236,application,data/q_236.html,data/a_236.html
Guide 237: Circuit malfunctioning,Guide 237: Circuit malfunctioning,guide-circuit-malfunctioning-237,application,data/q_237.html,data/a_237.html
Guide 238: Rotor assembly vibration,Guide 238: Rotor assembly vibration,guide-rotor-assembly-vibration-238,application,data/q_238.html,data/a_238.html
Guide 239: Rotor assembly vibration,Guide 239: Rotor assembly vibration,guide-rotor-assembly-vibration-239,application,data/q_239.html,data/a_239.html
Guide 240: Rotor assembly vibration,Guide 240: Rotor assembly vibration,guide-rotor-assembly-vibration-240,application,data/q_240.html,data/a_240.html
Guide 241: Generator failure after surge,Guide 241: Generator failure after surge,guide-generator-failure-after-surge-241,application,data/q_241.html,data/a_241.html
Guide 242: Generator failure after surge,Guide 242: Generator failure after surge,guide-generator-failure-after-surge-242,application,data/q_242.html,data/a_242.html
Guide 243: Rotor assembly vibration,Guide 243: Rotor assembly vibration,guide-rotor-assembly-vibration-243,application,data/q_243.html,data/a_243.html
Guide 244: Rotor assembly vibration,Guide 244: Rotor assembly vibration,guide-rotor-assembly-vibration-244,application,data/q_244.html,data/a_244.html
Guide 245: Generator failure after surge,Guide 245: Generator failure after surge,guide-generator-failure-after-surge-245,application,data/q_245.html,data/a_245.html
Guide 246: Generator failure after surge,Guide 246: Generator failure after surge,guide-generator-failure-after-surge-246,application,data/q_246.html,data/a_246.html
Guide 247: Rotor assembly vibration,Guide 247: Rotor assembly vibration,guide-rotor-assembly-vibration-247,application,data/q_247.html,data/a_247.html
Guide 248: Rotor assembly vibration,Guide 248: Rotor assembly vibration,guide-rotor-assembly-vibration-248,application,data/q_248.html,data/a_248.html
Guide 249: Generator failure after surge,Guide 249: Generator failure after surge,guide-generator-failure-after-surge-249,application,data/q_249.html,data/a_249.html
Guide 250: Rotor assembly vibration,Guide 250: Rotor assembly vibration,guide-rotor-assembly-vibration-250,application,data/q_250.html,data/a_250.html
Guide 251: Rotor assembly vibration,Guide 251: Rotor assembly vibration,guide-rotor-assembly-vibration-251,application,data/q_251.html,data/a_251.html
Guide 252: Circuit malfunctioning,Guide 252: Circuit malfunctioning,guide-circuit-malfunctioning-252,application,data/q_252.html,data/a_252.html
Guide 253: Rotor assembly vibration,Guide 253: Rotor assembly vibration,guide-rotor-assembly-vibration-253,application,data/q_253.html,data/a_253.html
Guide 254: Generator failure after surge,Guide 254: Generator failure after surge,guide-generator-failure-after-surge-254,application,data/q_254.html,data/a_254.html
Guide 255: Circuit malfunctioning,Guide 255: Circuit malfunctioning,guide-circuit-malfunctioning-255,application,data/q_255.html,data/a_255.html
Guide 256: Circuit malfunctioning,Guide 256: Circuit malfunctioning,guide-circuit-malfunctioning-256,application,data/q_256.html,data/a_256.html
Guide 257: Circuit malfunctioning,Guide 257: Circuit malfunctioning,guide-circuit-malfunctioning-257,application,data/q_257.html,data/a_257.html
Guide 258: Generator failure after surge,Guide 258: Generator failure after surge,guide-generator-failure-after-surge-258,application,data/q_258.html,data/a_258.html
Guide 259: Generator failure after surge,Guide 259: Generator failure after surge,guide-generator-failure-after-surge-259,application,data/q_259.html,data/a_259.html
Guide 260: Generator failure after surge,Guide 260: Generator failure after surge,guide-generator-failure-after-surge-260,application,data/q_260.html,data/a_260.html
Guide 261: Rotor assembly vibration,Guide 261: Rotor assembly vibration,guide-rotor-assembly-vibration-261,application,data/q_261.html,data/a_261.html
Guide 262: Rotor assembly vibration,Guide 262: Rotor assembly vibration,guide-rotor-assembly-vibration-262,application,data/q_262.html,data/a_262.html
Guide 263: Rotor assembly vibration,Guide 263: Rotor assembly vibration,guide-rotor-assembly-vibration-263,application,data/q_263.html,data/a_263.html
Guide 264: Circuit malfunctioning,Guide 264: Circuit malfunctioning,guide-circuit-malfunctioning-264,application,data/q_264.html,data/a_264.html
Guide 265: Generator failure after surge,Guide 265: Generator failure after surge,guide-generator-failure-after-surge-265,application,data/q_265.html,data/a_265.html
Guide 266: Rotor assembly vibration,Guide 266: Rotor assembly vibration,guide-rotor-assembly-vibration-266,application,data/q_266.html,data/a_266.html
Guide 267: Generator failure after surge,Guide 267: Generator failure after surge,guide-generator-failure-after-surge-267,application,data/q_267.html,data/a_267.html
Guide 268: Rotor assembly vibration,Guide 268: Rotor assembly vibration,guide-rotor-assembly-vibration-268,application,data/q_268.html,data/a_268.html
Guide 269: Rotor assembly vibration,Guide 269: Rotor assembly vibration,guide-rotor-assembly-vibration-269,application,data/q_269.html,data/a_269.html
Guide 270: Rotor assembly vibration,Guide 270: Rotor assembly vibration,guide-rotor-assembly-vibration-270,application,data/q_270.html,data/a_270.html
Guide 271: Generator failure after surge,Guide 271: Generator failure after surge,guide-generator-failure-after-surge-271,application,data/q_271.html,data/a_271.html
Guide 272: Rotor assembly vibration,Guide 272: Rotor assembly vibration,guide-rotor-assembly-vibration-272,application,data/q_272.html,data/a_272.html
Guide 273: Circuit malfunctioning,Guide 273: Circuit malfunctioning,guide-circuit-malfunctioning-273,application,data/q_273.html,data/a_273.html
Guide 274: Circuit malfunctioning,Guide 274: Circuit malfunctioning,guide-circuit-malfunctioning-274,application,data/q_274.html,data/a_274.html
Guide 275: Rotor assembly vibration,Guide 275: Rotor assembly vibration,guide-rotor-assembly-vibration-275,application,data/q_275.html,data/a_275.html
Guide 276: Generator failure after surge,Guide 276: Generator failure after surge,guide-generator-failure-after-surge-276,application,data/q_276.html,data/a_276.html
Guide 277: Generator failure after surge,Guide 277: Generator failure after surge,guide-generator-failure-after-surge-277,application,data/q_277.html,data/a_277.html
Guide 278: Circuit malfunctioning,Guide 278: Circuit malfunctioning,guide-circuit-malfunctioning-278,application,data/q_278.html,data/a_278.html
Guide 279: Rotor assembly vibration,Guide 279: Rotor assembly vibration,guide-rotor-assembly-vibration-279,application,data/q_279.html,data/a_279.html
Guide 280: Rotor assembly vibration,Guide 280: Rotor assembly vibration,guide-rotor-assembly-vibration-280,application,data/q_280.html,data/a_280.html
Guide 281: Circuit malfunctioning,Guide 281: Circuit malfunctioning,guide-circuit-malfunctioning-281,application,data/q_281.html,data/a_281.html
Guide 282: Circuit malfunctioning,Guide 282: Circuit malfunctioning,guide-circuit-malfunctioning-282,application,data/q_282.html,data/a_282.html
Guide 283: Rotor assembly vibration,Guide 283: Rotor assembly vibration,guide-rotor-assembly-vibration-283,application,data/q_283.html,data/a_283.html
Guide 284: Generator failure after surge,Guide 284: Generator failure after surge,guide-generator-failure-after-surge-284,application,data/q_284.html,data/a_284.html
Guide 285: Generator failure after surge,Guide 285: Generator failure after surge,guide-generator-failure-after-surge-285,application,data/q_285.html,data/a_285.html
Guide 286: Generator failure after surge,Guide 286: Generator failure after surge,guide-generator-failure-after-surge-286,application,data/q_286.html,data/a_286.html
Guide 287: Generator failure after surge,Guide 287: Generator failure after surge,guide-generator-failure-after-surge-287,application,data/q_287.html,data/a_287.html
Guide 288: Circuit malfunctioning,Guide 288: Circuit malfunctioning,guide-circuit-malfunctioning-288,application,data/q_288.html,data/a_288.html
Guide 289: Generator failure after surge,Guide 289: Generator failure after surge,guide-generator-failure-after-surge-289,application,data/q_289.html,data/a_289.html
Guide 290: Generator failure after surge,Guide 290: Generator failure after surge,guide-generator-failure-after-surge-290,application,data/q_290.html,data/a_290.html
Guide 291: Circuit malfunctioning,Guide 291: Circuit malfunctioning,guide-circuit-malfunctioning-291,application,data/q_291.html,data/a_291.html
Guide 292: Circuit malfunctioning,Guide 292: Circuit malfunctioning,guide-circuit-malfunctioning-292,application,data/q_292.html,data/a_292.html
Guide 293: Generator failure after surge,Guide 293: Generator failure after surge,guide-generator-failure-after-surge-293,application,data/q_293.html,data/a_293.html
Guide 294: Rotor assembly vibration,Guide 294: Rotor assembly vibration,guide-rotor-assembly-vibration-294,application,data/q_294.html,data/a_294.html
Guide 295: Circuit malfunctioning,Guide 295: Circuit malfunctioning,guide-circuit-malfunctioning-295,application,data/q_295.html,data/a_295.html
Guide 296: Circuit malfunctioning,Guide 296: Circuit malfunctioning,guide-circuit-malfunctioning-296,application,data/q_296.html,data/a_296.html
Guide 297: Circuit malfunctioning,Guide 297: Circuit malfunctioning,guide-circuit-malfunctioning-297,application,data/q_297.html,data/a_297.html
Guide 298: Rotor assembly vibration,Guide 298: Rotor assembly vibration,guide-rotor-assembly-vibration-298,application,data/q_298.html,data/a_298.html
Guide 299: Rotor assembly vibration,Guide 299: Rotor assembly vibration,guide-rotor-assembly-vibration-299,application,data/q_299.html,data/a_299.html
Guide 300: Rotor assembly vibration,Guide 300: Rotor assembly vibration,guide-rotor-assembly-vibration-300,application,data/q_300.html,data/a_300.html
Guide 301: Circuit malfunctioning,Guide 301: Circuit malfunctioning,guide-circuit-malfunctioning-301,application,data/q_301.html,data/a_301.html
Guide 302: Generator failure after surge,Guide 302: Generator failure after surge,guide-generator-failure-after-surge-302,application,data/q_302.html,data/a_302.html
Guide 303: Circuit malfunctioning,Guide 303: Circuit malfunctioning,guide-circuit-malfunctioning-303,application,data/q_303.html,data/a_303.html
Guide 304: Generator failure after surge,Guide 304: Generator failure after surge,guide-generator-failure-after-surge-304,application,data/q_304.html,data/a_304.html
Guide 305: Circuit malfunctioning,Guide 305: Circuit malfunctioning,guide-circuit-malfunctioning-305,application,data/q_305.html,data/a_305.html
Guide 306: Rotor assembly vibration,Guide 306: Rotor assembly vibration,guide-rotor-assembly-vibration-306,application,data/q_306.html,data/a_306.html
Guide 307: Generator failure after surge,Guide 307: Generator failure after surge,guide-generator-failure-after-surge-307,application,data/q_307.html,data/a_307.html
Guide 308: Generator failure after surge,Guide 308: Generator failure after surge,guide-generator-failure-after-surge-308,application,data/q_308.html,data/a_308.html
Guide 309: Generator failure after surge,Guide 309: Generator failure after surge,guide-generator-failure-after-surge-309,application,data/q_309.html,data/a_309.html
Guide 310: Rotor assembly vibration,Guide 310: Rotor assembly vibration,guide-rotor-assembly-vibration-310,application,data/q_310.html,data/a_310.html
Guide 311: Circuit malfunctioning,Guide 311: Circuit malfunctioning,guide-circuit-malfunctioning-311,application,data/q_311.html,data/a_311.html
Guide 312: Rotor assembly vibration,Guide 312: Rotor assembly vibration,guide-rotor-assembly-vibration-312,application,data/q_312.html,data/a_312.html
Guide 313: Generator failure after surge,Guide 313: Generator failure after surge,guide-generator-failure-after-surge-313,application,data/q_313.html,data/a_313.html
Guide 314: Generator failure after surge,Guide 314: Generator failure after surge,guide-generator-failure-after-surge-314,application,data/q_314.html,data/a_314.html
Guide 315: Rotor assembly vibration,Guide 315: Rotor assembly vibration,guide-rotor-assembly-vibration-315,application,data/q_315.html,data/a_315.html
Guide 316: Rotor assembly vibration,Guide 316: Rotor assembly vibration,guide-rotor-assembly-vibration-316,application,data/q_316.html,data/a_316.html
Guide 317: Rotor assembly vibration,Guide 317: Rotor assembly vibration,guide-rotor-assembly-vibration-317,application,data/q_317.html,data/a_317.html
Guide 318: Circuit malfunctioning,Guide 318: Circuit malfunctioning,guide-circuit-malfunctioning-318,application,data/q_318.html,data/a_318.html
Guide 319: Circuit malfunctioning,Guide 319: Circuit malfunctioning,guide-circuit-malfunctioning-319,application,data/q_319.html,data/a_319.html
Guide 320: Circuit malfunctioning,Guide 320: Circuit malfunctioning,guide-circuit-malfunctioning-320,application,data/q_320.html,data/a_320.html
Guide 321: Circuit malfunctioning,Guide 321: Circuit malfunctioning,guide-circuit-malfunctioning-321,application,data/q_321.html,data/a_321.html
Guide 322: Rotor assembly vibration,Guide 322: Rotor assembly vibration,guide-rotor-assembly-vibration-322,application,data/q_322.html,data/a_322.html
Guide 323: Rotor assembly vibration,Guide 323: Rotor assembly vibration,guide-rotor-assembly-vibration-323,application,data/q_323.html,data/a_323.html
Guide 324: Generator failure after surge,Guide 324: Generator failure after surge,guide-generator-failure-after-surge-324,application,data/q_324.html,data/a_324.html
Guide 325: Rotor assembly vibration,Guide 325: Rotor assembly vibration,guide-rotor-assembly-vibration-325,application,data/q_325.html,data/a_325.html
Guide 326: Generator failure after surge,Guide 326: Generator failure after surge,guide-generator-failure-after-surge-326,application,data/q_326.html,data/a_326.html
Guide 327: Rotor assembly vibration,Guide 327: Rotor assembly vibration,guide-rotor-assembly-vibration-327,application,data/q_327.html,data/a_327.html
Guide 328: Rotor assembly vibration,Guide 328: Rotor assembly vibration,guide-rotor-assembly-vibration-328,application,data/q_328.html,data/a_328.html
Guide 329: Generator failure after surge,Guide 329: Generator failure after surge,guide-generator-failure-after-surge-329,application,data/q_329.html,data/a_329.html
Guide 330: Generator failure after surge,Guide 330: Generator failure after surge,guide-generator-failure-after-surge-330,application,data/q_330.html,data/a_330.html
Guide 331: Circuit malfunctioning,Guide 331: Circuit malfunctioning,guide-circuit-malfunctioning-331,application,data/q_331.html,data/a_331.html
Guide 332: Circuit malfunctioning,Guide 332: Circuit malfunctioning,guide-circuit-malfunctioning-332,application,data/q_332.html,data/a_332.html
Guide 333: Generator failure after surge,Guide 333: Generator failure after surge,guide-generator-failure-after-surge-333,application,data/q_333.html,data/a_333.html
Guide 334: Rotor assembly vibration,Guide 334: Rotor assembly vibration,guide-rotor-assembly-vibration-334,application,data/q_334.html,data/a_334.html
Guide 335: Generator failure after surge,Guide 335: Generator failure after surge,guide-generator-failure-after-surge-335,application,data/q_335.html,data/a_335.html
Guide 336: Circuit malfunctioning,Guide 336: Circuit malfunctioning,guide-circuit-malfunctioning-336,application,data/q_336.html,data/a_336.html
Guide 337: Generator failure after surge,Guide 337: Generator failure after surge,guide-generator-failure-after-surge-337,application,data/q_337.html,data/a_337.html
Guide 338: Rotor assembly vibration,Guide 338: Rotor assembly vibration,guide-rotor-assembly-vibration-338,application,data/q_338.html,data/a_338.html
Guide 339: Circuit malfunctioning,Guide 339: Circuit malfunctioning,guide-circuit-malfunctioning-339,application,data/q_339.html,data/a_339.html
Guide 340: Rotor assembly vibration,Guide 340: Rotor assembly vibration,guide-rotor-assembly-vibration-340,application,data/q_340.html,data/a_340.html
Guide 341: Generator failure after surge,Guide 341: Generator failure after surge,guide-generator-failure-after-surge-341,application,data/q_341.html,data/a_341.html
Guide 342: Generator failure after surge,Guide 342: Generator failure after surge,guide-generator-failure-after-surge-342,application,data/q_342.html,data/a_342.html
Guide 343: Generator failure after surge,Guide 343: Generator failure after surge,guide-generator-failure-after-surge-343,application,data/q_343.html,data/a_343.html
Guide 344: Generator failure after surge,Guide 344: Generator failure after surge,guide-generator-failure-after-surge-344,application,data/q_344.html,data/a_344.html
Guide 345: Rotor assembly vibration,Guide 345: Rotor assembly vibration,guide-rotor-assembly-vibration-345,application,data/q_345.html,data/a_345.html
Guide 346: Rotor assembly vibration,Guide 346: Rotor assembly vibration,guide-rotor-assembly-vibration-346,application,data/q_346.html,data/a_346.html
Guide 347: Generator failure after surge,Guide 347: Generator failure after surge,guide-generator-failure-after-surge-347,application,data/q_347.html,data/a_347.html
Guide 348: Rotor assembly vibration,Guide 348: Rotor assembly vibration,guide-rotor-assembly-vibration-348,application,data/q_348.html,data/a_348.html
Guide 349: Generator failure after surge,Guide 349: Generator failure after surge,guide-generator-failure-after-surge-349,application,data/q_349.html,data/a_349.html
Guide 350: Rotor assembly vibration,Guide 350: Rotor assembly vibration,guide-rotor-assembly-vibration-350,application,data/q_350.html,data/a_350.html
Guide 351: Rotor assembly vibration,Guide 351: Rotor assembly vibration,guide-rotor-assembly-vibration-351,application,data/q_351.html,data/a_351.html
Guide 352: Circuit malfunctioning,Guide 352: Circuit malfunctioning,guide-circuit-malfunctioning-352,application,data/q_352.html,data/a_352.html
Guide 353: Generator failure after surge,Guide 353: Generator failure after surge,guide-generator-failure-after-surge-353,application,data/q_353.html,data/a_353.html
Guide 354: Generator failure after surge,Guide 354: Generator failure after surge,guide-generator-failure-after-surge-354,application,data/q_354.html,data/a_354.html
Guide 355: Circuit malfunctioning,Guide 355: Circuit malfunctioning,guide-circuit-malfunctioning-355,application,data/q_355.html,data/a_355.html
Guide 356: Circuit malfunctioning,Guide 356: Circuit malfunctioning,guide-circuit-malfunctioning-356,application,data/q_356.html,data/a_356.html
Guide 357: Circuit malfunctioning,Guide 357: Circuit malfunctioning,guide-circuit-malfunctioning-357,application,data/q_357.html,data/a_357.html
Guide 358: Rotor assembly vibration,Guide 358: Rotor assembly vibration,guide-rotor-assembly-vibration-358,application,data/q_358.html,data/a_358.html
Guide 359: Circuit malfunctioning,Guide 359: Circuit malfunctioning,guide-circuit-malfunctioning-359,application,data/q_359.html,data/a_359.html
Guide 360: Rotor assembly vibration,Guide 360: Rotor assembly vibration,guide-rotor-assembly-vibration-360,application,data/q_360.html,data/a_360.html
Guide 361: Circuit malfunctioning,Guide 361: Circuit malfunctioning,guide-circuit-malfunctioning-361,application,data/q_361.html,data/a_361.html
Guide 362: Circuit malfunctioning,Guide 362: Circuit malfunctioning,guide-circuit-malfunctioning-362,application,data/q_362.html,data/a_362.html
Guide 363: Rotor assembly vibration,Guide 363: Rotor assembly vibration,guide-rotor-assembly-vibration-363,application,data/q_363.html,data/a_363.html
Guide 364: Generator failure after surge,Guide 364: Generator failure after surge,guide-generator-failure-after-surge-364,application,data/q_364.html,data/a_364.html
Guide 365: Circuit malfunctioning,Guide 365: Circuit malfunctioning,guide-circuit-malfunctioning-365,application,data/q_365.html,data/a_365.html
Guide 366: Generator failure after surge,Guide 366: Generator failure after surge,guide-generator-failure-after-surge-366,application,data/q_366.html,data/a_366.html
Guide 367: Generator failure after surge,Guide 367: Generator failure after surge,guide-generator-failure-after-surge-367,application,data/q_367.html,data/a_367.html
Guide 368: Rotor assembly vibration,Guide 368: Rotor assembly vibration,guide-rotor-assembly-vibration-368,application,data/q_368.html,data/a_368.html
Guide 369: Rotor assembly vibration,Guide 369: Rotor assembly vibration,guide-rotor-assembly-vibration-369,application,data/q_369.html,data/a_369.html
Guide 370: Rotor assembly vibration,Guide 370: Rotor assembly vibration,guide-rotor-assembly-vibration-370,application,data/q_370.html,data/a_370.html
Guide 371: Generator failure after surge,Guide 371: Generator failure after surge,guide-generator-failure-after-surge-371,application,data/q_371.html,data/a_371.html
Guide 372: Circuit malfunctioning,Guide 372: Circuit malfunctioning,guide-circuit-malfunctioning-372,application,data/q_372.html,data/a_372.html
Guide 373: Generator failure after surge,Guide 373: Generator failure after surge,guide-generator-failure-after-surge-373,application,data/q_373.html,data/a_373.html
Guide 374: Rotor assembly vibration,Guide 374: Rotor assembly vibration,guide-rotor-assembly-vibration-374,application,data/q_374.html,data/a_374.html
Guide 375: Circuit malfunctioning,Guide 375: Circuit malfunctioning,guide-circuit-malfunctioning-375,application,data/q_375.html,data/a_375.html
Guide 376: Circuit malfunctioning,Guide 376: Circuit malfunctioning,guide-circuit-malfunctioning-376,application,data/q_376.html,data/a_376.html
Guide 377: Rotor assembly vibration,Guide 377: Rotor assembly vibration,guide-rotor-assembly-vibration-377,application,data/q_377.html,data/a_377.html
Guide 378: Generator failure after surge,Guide 378: Generator failure after surge,guide-generator-failure-after-surge-378,application,data/q_378.html,data/a_378.html
Guide 379: Generator failure after surge,Guide 379: Generator failure after surge,guide-generator-failure-after-surge-379,application,data/q_379.html,data/a_379.html
Guide 380: Generator failure after surge,Guide 380: Generator failure after surge,guide-generator-failure-after-surge-380,application,data/q_380.html,data/a_380.html
Guide 381: Rotor assembly vibration,Guide 381: Rotor assembly vibration,guide-rotor-assembly-vibration-381,application,data/q_381.html,data/a_381.html
Guide 382: Rotor assembly vibration,Guide 382: Rotor assembly vibration,guide-rotor-assembly-vibration-382,application,data/q_382.html,data/a_382.html
Guide 383: Circuit malfunctioning,Guide 383: Circuit malfunctioning,guide-circuit-malfunctioning-383,application,data/q_383.html,data/a_383.html
Guide 384: Generator failure after surge,Guide 384: Generator failure after surge,guide-generator-failure-after-surge-384,application,data/q_384.html,data/a_384.html
Guide 385: Circuit malfunctioning,Guide 385: Circuit malfunctioning,guide-circuit-malfunctioning-385,application,data/q_385.html,data/a_385.html
Guide 386: Circuit malfunctioning,Guide 386: Circuit malfunctioning,guide-circuit-malfunctioning-386,application,data/q_386.html,data/a_386.html
Guide 387: Circuit malfunctioning,Guide 387: Circuit malfunctioning,guide-circuit-malfunctioning-387,application,data/q_387.html,data/a_387.html
Guide 388: Generator failure after surge,Guide 388: Generator failure after surge,guide-generator-failure-after-surge-388,application,data/q_388.html,data/a_388.html
Guide 389: Circuit malfunctioning,Guide 389: Circuit malfunctioning,guide-circuit-malfunctioning-389,application,data/q_389.html,data/a_389.html
Guide 390: Circuit malfunctioning,Guide 390: Circuit malfunctioning,guide-circuit-malfunctioning-390,application,data/q_390.html,data/a_390.html
Guide 391: Circuit malfunctioning,Guide 391: Circuit malfunctioning,guide-circuit-malfunctioning-391,application,data/q_391.html,data/a_391.html
Guide 392: Rotor assembly vibration,Guide 392: Rotor assembly vibration,guide-rotor-assembly-vibration-392,application,data/q_392.html,data/a_392.html
Guide 393: Circuit malfunctioning,Guide 393: Circuit malfunctioning,guide-circuit-malfunctioning-393,application,data/q_393.html,data/a_393.html
Guide 394: Circuit malfunctioning,Guide 394: Circuit malfunctioning,guide-circuit-malfunctioning-394,application,data/q_394.html,data/a_394.html
Guide 395: Rotor assembly vibration,Guide 395: Rotor assembly vibration,guide-rotor-assembly-vibration-395,application,data/q_395.html,data/a_395.html
Guide 396: Circuit malfunctioning,Guide 396: Circuit malfunctioning,guide-circuit-malfunctioning-396,application,data/q_396.html,data/a_396.html
Guide 397: Circuit malfunctioning,Guide 397: Circuit malfunctioning,guide-circuit-malfunctioning-397,application,data/q_397.html,data/a_397.html
Guide 398: Rotor assembly vibration,Guide 398: Rotor assembly vibration,guide-rotor-assembly-vibration-398,application,data/q_398.html,data/a_398.html
Guide 399: Rotor assembly vibration,Guide 399: Rotor assembly vibration,guide-rotor-assembly-vibration-399,application,data/q_399.html,data/a_399.html
Guide 400: Generator failure after surge,Guide 400: Generator failure after surge,guide-generator-failure-after-surge-400,application,data/q_400.html,data/a_400.html
Guide 401: Rotor assembly vibration,Guide 401: Rotor assembly vibration,guide-rotor-assembly-vibration-401,application,data/q_401.html,data/a_401.html
Guide 402: Generator failure after surge,Guide 402: Generator failure after surge,guide-generator-failure-after-surge-402,application,data/q_402.html,data/a_402.html
Guide 403: Circuit malfunctioning,Guide 403: Circuit malfunctioning,guide-circuit-malfunctioning-403,application,data/q_403.html,data/a_403.html
Guide 404: Rotor assembly vibration,Guide 404: Rotor assembly vibration,guide-rotor-assembly-vibration-404,application,data/q_404.html,data/a_404.html
Guide 405: Circuit malfunctioning,Guide 405: Circuit malfunctioning,guide-circuit-malfunctioning-405,application,data/q_405.html,data/a_405.html
Guide 406: Circuit malfunctioning,Guide 406: Circuit malfunctioning,guide-circuit-malfunctioning-406,application,data/q_406.html,data/a_406.html
Guide 407: Rotor assembly vibration,Guide 407: Rotor assembly vibration,guide-rotor-assembly-vibration-407,application,data/q_407.html,data/a_407.html
Guide 408: Generator failure after surge,Guide 408: Generator failure after surge,guide-generator-failure-after-surge-408,application,data/q_408.html,data/a_408.html
Guide 409: Circuit malfunctioning,Guide 409: Circuit malfunctioning,guide-circuit-malfunctioning-409,application,data/q_409.html,data/a_409.html
Guide 410: Circuit malfunctioning,Guide 410: Circuit malfunctioning,guide-circuit-malfunctioning-410,application,data/q_410.html,data/a_410.html
Guide 411: Rotor assembly vibration,Guide 411: Rotor assembly vibration,guide-rotor-assembly-vibration-411,application,data/q_411.html,data/a_411.html
Guide 412: Generator failure after surge,Guide 412: Generator failure after surge,guide-generator-failure-after-surge-412,application,data/q_412.html,data/a_412.html
Guide 413: Generator failure after surge,Guide 413: Generator failure after surge,guide-generator-failure-after-surge-413,application,data/q_413.html,data/a_413.html
Guide 414: Generator failure after surge,Guide 414: Generator failure after surge,guide-generator-failure-after-surge-414,application,data/q_414.html,data/a_414.html
Guide 415: Rotor assembly vibration,Guide 415: Rotor assembly vibration,guide-rotor-assembly-vibration-415,application,data/q_415.html,data/a_415.html
Guide 416: Circuit malfunctioning,Guide 416: Circuit malfunctioning,guide-circuit-malfunctioning-416,application,data/q_416.html,data/a_416.html
Guide 417: Rotor assembly vibration,Guide 417: Rotor assembly vibration,guide-rotor-assembly-vibration-417,application,data/q_417.html,data/a_417.html
Guide 418: Circuit malfunctioning,Guide 418: Circuit malfunctioning,guide-circuit-malfunctioning-418,application,data/q_418.html,data/a_418.html
Guide 419: Generator failure after surge,Guide 419: Generator failure after surge,guide-generator-failure-after-surge-419,application,data/q_419.html,data/a_419.html
Guide 420: Circuit malfunctioning,Guide 420: Circuit malfunctioning,guide-circuit-malfunctioning-420,application,data/q_420.html,data/a_420.html
Guide 421: Generator failure after surge,Guide 421: Generator failure after surge,guide-generator-failure-after-surge-421,application,data/q_421.html,data/a_421.html
Guide 422: Generator failure after surge,Guide 422: Generator failure after surge,guide-generator-failure-after-surge-422,application,data/q_422.html,data/a_422.html
Guide 423: Rotor assembly vibration,Guide 423: Rotor assembly vibration,guide-rotor-assembly-vibration-423,application,data/q_423.html,data/a_423.html
Guide 424: Generator failure after surge,Guide 424: Generator failure after surge,guide-generator-failure-after-surge-424,application,data/q_424.html,data/a_424.html
Guide 425: Generator failure after surge,Guide 425: Generator failure after surge,guide-generator-failure-after-surge-425,application,data/q_425.html,data/a_425.html
Guide 426: Rotor assembly vibration,Guide 426: Rotor assembly vibration,guide-rotor-assembly-vibration-426,application,data/q_426.html,data/a_426.html
Guide 427: Rotor assembly vibration,Guide 427: Rotor assembly vibration,guide-rotor-assembly-vibration-427,application,data/q_427.html,data/a_427.html
Guide 428: Circuit malfunctioning,Guide 428: Circuit malfunctioning,guide-circuit-malfunctioning-428,application,data/q_428.html,data/a_428.html
Guide 429: Rotor assembly vibration,Guide 429: Rotor assembly vibration,guide-rotor-assembly-vibration-429,application,data/q_429.html,data/a_429.html
Guide 430: Rotor assembly vibration,Guide 430: Rotor assembly vibration,guide-rotor-assembly-vibration-430,application,data/q_430.html,data/a_430.html
Guide 431: Circuit malfunctioning,Guide 431: Circuit malfunctioning,guide-circuit-malfunctioning-431,application,data/q_431.html,data/a_431.html
Guide 432: Generator failure after surge,Guide 432: Generator failure after surge,guide-generator-failure-after-surge-432,application,data/q_432.html,data/a_432.html
Guide 433: Rotor assembly vibration,Guide 433: Rotor assembly vibration,guide-rotor-assembly-vibration-433,application,data/q_433.html,data/a_433.html
Guide 434: Rotor assembly vibration,Guide 434: Rotor assembly vibration,guide-rotor-assembly-vibration-434,application,data/q_434.html,data/a_434.html
Guide 435: Circuit malfunctioning,Guide 435: Circuit malfunctioning,guide-circuit-malfunctioning-435,application,data/q_435.html,data/a_435.html
Guide 436: Rotor assembly vibration,Guide 436: Rotor assembly vibration,guide-rotor-assembly-vibration-436,application,data/q_436.html,data/a_436.html
Guide 437: Generator failure after surge,Guide 437: Generator failure after surge,guide-generator-failure-after-surge-437,application,data/q_437.html,data/a_437.html
Guide 438: Rotor assembly vibration,Guide 438: Rotor assembly vibration,guide-rotor-assembly-vibration-438,application,data/q_438.html,data/a_438.html
Guide 439: Circuit malfunctioning,Guide 439: Circuit malfunctioning,guide-circuit-malfunctioning-439,application,data/q_439.html,data/a_439.html
Guide 440: Rotor assembly vibration,Guide 440: Rotor assembly vibration,guide-rotor-assembly-vibration-440,application,data/q_440.html,data/a_440.html
Guide 441: Rotor assembly vibration,Guide 441: Rotor assembly vibration,guide-rotor-assembly-vibration-441,application,data/q_441.html,data/a_441.html
Guide 442: Circuit malfunctioning,Guide 442: Circuit malfunctioning,guide-circuit-malfunctioning-442,application,data/q_442.html,data/a_442.html
Guide 443: Circuit malfunctioning,Guide 443: Circuit malfunctioning,guide-circuit-malfunctioning-443,application,data/q_443.html,data/a_443.html
Guide 444: Rotor assembly vibration,Guide 444: Rotor assembly vibration,guide-rotor-assembly-vibration-444,application,data/q_444.html,data/a_444.html
Guide 445: Rotor assembly vibration,Guide 445: Rotor assembly vibration,guide-rotor-assembly-vibration-445,application,data/q_445.html,data/a_445.html
Guide 446: Rotor assembly vibration,Guide 446: Rotor assembly vibration,guide-rotor-assembly-vibration-446,application,data/q_446.html,data/a_446.html
Guide 447: Rotor assembly vibration,Guide 447: Rotor assembly vibration,guide-rotor-assembly-vibration-447,application,data/q_447.html,data/a_447.html
Guide 448: Generator failure after surge,Guide 448: Generator failure after surge,guide-generator-failure-after-surge-448,application,data/q_448.html,data/a_448.html
Guide 449: Circuit malfunctioning,Guide 449: Circuit malfunctioning,guide-circuit-malfunctioning-449,application,data/q_449.html,data/a_449.html
Guide 450: Generator failure after surge,Guide 450: Generator failure after surge,guide-generator-failure-after-surge-450,application,data/q_450.html,data/a_450.html
Guide 451: Circuit malfunctioning,Guide 451: Circuit malfunctioning,guide-circuit-malfunctioning-451,application,data/q_451.html,data/a_451.html
Guide 452: Rotor assembly vibration,Guide 452: Rotor assembly vibration,guide-rotor-assembly-vibration-452,application,data/q_452.html,data/a_452.html
Guide 453: Rotor assembly vibration,Guide 453: Rotor assembly vibration,guide-rotor-assembly-vibration-453,application,data/q_453.html,data/a_453.html
Guide 454: Generator failure after surge,Guide 454: Generator failure after surge,guide-generator-failure-after-surge-454,application,data/q_454.html,data/a_454.html
Guide 455: Generator failure after surge,Guide 455: Generator failure after surge,guide-generator-failure-after-surge-455,application,data/q_455.html,data/a_455.html
Guide 456: Generator failure after surge,Guide 456: Generator failure after surge,guide-generator-failure-after-surge-456,application,data/q_456.html,data/a_456.html
Guide 457: Rotor assembly vibration,Guide 457: Rotor assembly vibration,guide-rotor-assembly-vibration-457,application,data/q_457.html,data/a_457.html
Guide 458: Rotor assembly vibration,Guide 458: Rotor assembly vibration,guide-rotor-assembly-vibration-458,application,data/q_458.html,data/a_458.html
Guide 459: Rotor assembly vibration,Guide 459: Rotor assembly vibration,guide-rotor-assembly-vibration-459,application,data/q_459.html,data/a_459.html
Guide 460: Generator failure after surge,Guide 460: Generator failure after surge,guide-generator-failure-after-surge-460,application,data/q_460.html,data/a_460.html
Guide 461: Circuit malfunctioning,Guide 461: Circuit malfunctioning,guide-circuit-malfunctioning-461,application,data/q_461.html,data/a_461.html
Guide 462: Generator failure after surge,Guide 462: Generator failure after surge,guide-generator-failure-after-surge-462,application,data/q_462.html,data/a_462.html
Guide 463: Rotor assembly vibration,Guide 463: Rotor assembly vibration,guide-rotor-assembly-vibration-463,application,data/q_463.html,data/a_463.html
Guide 464: Generator failure after surge,Guide 464: Generator failure after surge,guide-generator-failure-after-surge-464,application,data/q_464.html,data/a_464.html
Guide 465: Circuit malfunctioning,Guide 465: Circuit malfunctioning,guide-circuit-malfunctioning-465,application,data/q_465.html,data/a_465.html
Guide 466: Circuit malfunctioning,Guide 466: Circuit malfunctioning,guide-circuit-malfunctioning-466,application,data/q_466.html,data/a_466.html
Guide 467: Rotor assembly vibration,Guide 467: Rotor assembly vibration,guide-rotor-assembly-vibration-467,application,data/q_467.html,data/a_467.html
Guide 468: Circuit malfunctioning,Guide 468: Circuit malfunctioning,guide-circuit-malfunctioning-468,application,data/q_468.html,data/a_468.html
Guide 469: Generator failure after surge,Guide 469: Generator failure after surge,guide-generator-failure-after-surge-469,application,data/q_469.html,data/a_469.html
Guide 470: Circuit malfunctioning,Guide 470: Circuit malfunctioning,guide-circuit-malfunctioning-470,application,data/q_470.html,data/a_470.html
Guide 471: Circuit malfunctioning,Guide 471: Circuit malfunctioning,guide-circuit-malfunctioning-471,application,data/q_471.html,data/a_471.html
Guide 472: Rotor assembly vibration,Guide 472: Rotor assembly vibration,guide-rotor-assembly-vibration-472,application,data/q_472.html,data/a_472.html
Guide 473: Rotor assembly vibration,Guide 473: Rotor assembly vibration,guide-rotor-assembly-vibration-473,application,data/q_473.html,data/a_473.html
Guide 474: Circuit malfunctioning,Guide 474: Circuit malfunctioning,guide-circuit-malfunctioning-474,application,data/q_474.html,data/a_474.html
Guide 475: Generator failure after surge,Guide 475: Generator failure after surge,guide-generator-failure-after-surge-475,application,data/q_475.html,data/a_475.html
Guide 476: Generator failure after surge,Guide 476: Generator failure after surge,guide-generator-failure-after-surge-476,application,data/q_476.html,data/a_476.html
Guide 477: Circuit malfunctioning,Guide 477: Circuit malfunctioning,guide-circuit-malfunctioning-477,application,data/q_477.html,data/a_477.html
Guide 478: Generator failure after surge,Guide 478: Generator failure after surge,guide-generator-failure-after-surge-478,application,data/q_478.html,data/a_478.html
Guide 479: Circuit malfunctioning,Guide 479: Circuit malfunctioning,guide-circuit-malfunctioning-479,application,data/q_479.html,data/a_479.html
Guide 480: Circuit malfunctioning,Guide 480: Circuit malfunctioning,guide-circuit-malfunctioning-480,application,data/q_480.html,data/a_480.html
Guide 481: Rotor assembly vibration,Guide 481: Rotor assembly vibration,guide-rotor-assembly-vibration-481,application,data/q_481.html,data/a_481.html
Guide 482: Circuit malfunctioning,Guide 482: Circuit malfunctioning,guide-circuit-malfunctioning-482,application,data/q_482.html,data/a_482.html
Guide 483: Rotor assembly vibration,Guide 483: Rotor assembly vibration,guide-rotor-assembly-vibration-483,application,data/q_483.html,data/a_483.html
Guide 484: Circuit malfunctioning,Guide 484: Circuit malfunctioning,guide-circuit-malfunctioning-484,application,data/q_484.html,data/a_484.html
Guide 485: Circuit malfunctioning,Guide 485: Circuit malfunctioning,guide-circuit-malfunctioning-485,application,data/q_485.html,data/a_485.html
Guide 486: Rotor assembly vibration,Guide 486: Rotor assembly vibration,guide-rotor-assembly-vibration-486,application,data/q_486.html,data/a_486.html
Guide 487: Generator failure after surge,Guide 487: Generator failure after surge,guide-generator-failure-after-surge-487,application,data/q_487.html,data/a_487.html
Guide 488: Rotor assembly vibration,Guide 488: Rotor assembly vibration,guide-rotor-assembly-vibration-488,application,data/q_488.html,data/a_488.html
Guide 489: Circuit malfunctioning,Guide 489: Circuit malfunctioning,guide-circuit-malfunctioning-489,application,data/q_489.html,data/a_489.html
Guide 490: Circuit malfunctioning,Guide 490: Circuit malfunctioning,guide-circuit-malfunctioning-490,application,data/q_490.html,data/a_490.html
Guide 491: Circuit malfunctioning,Guide 491: Circuit malfunctioning,guide-circuit-malfunctioning-491,application,data/q_491.html,data/a_491.html
Guide 492: Circuit malfunctioning,Guide 492: Circuit malfunctioning,guide-circuit-malfunctioning-492,application,data/q_492.html,data/a_492.html
Guide 493: Generator failure after surge,Guide 493: Generator failure after surge,guide-generator-failure-after-surge-493,application,data/q_493.html,data/a_493.html
Guide 494: Generator failure after surge,Guide 494: Generator failure after surge,guide-generator-failure-after-surge-494,application,data/q_494.html,data/a_494.html
Guide 495: Rotor assembly vibration,Guide 495: Rotor assembly vibration,guide-rotor-assembly-vibration-495,application,data/q_495.html,data/a_495.html
Guide 496: Generator failure after surge,Guide 496: Generator failure after surge,guide-generator-failure-after-surge-496,application,data/q_496.html,data/a_496.html
Guide 497: Generator failure after surge,Guide 497: Generator failure after surge,guide-generator-failure-after-surge-497,application,data/q_497.html,data/a_497.html
Guide 498: Generator failure after surge,Guide 498: Generator failure after surge,guide-generator-failure-after-surge-498,application,data/q_498.html,data/a_498.html
Guide 499: Generator failure after surge,Guide 499: Generator failure after surge,guide-generator-failure-after-surge-499,application,data/q_499.html,data/a_499.html
Guide 500: Generator failure after surge,Guide 500: Generator failure after surge,guide-generator-failure-after-surge-500,application,data/q_500.html,data/a_500.html
